date,datetime,source,title,text,url
2025-12-17,2025-12-17 14:07:58,NewsAPI_Biztoc.com,"Amazon in Talks Over $10 Billion OpenAI Move: Report. That’s Bad for Nvidia, Broadcom","Amazon in Talks Over $10 Billion OpenAI Move: Report. That’s Bad for Nvidia, Broadcom",https://biztoc.com/x/1e5151d34a16f60b
2025-12-17,2025-12-17 14:18:24,NewsAPI_Biztoc.com,"Pepsi Worked to Keep Prices Higher at Retailers to Protect Walmart, FTC Found","Pepsi Worked to Keep Prices Higher at Retailers to Protect Walmart, FTC Found",https://biztoc.com/x/b06c0badfd5e4a10
2025-12-17,2025-12-17 14:18:34,NewsAPI_Biztoc.com,"Fed’s Waller says monetary policy still in restrictive territory, Fed has room to cut","Fed’s Waller says monetary policy still in restrictive territory, Fed has room to cut",https://biztoc.com/x/256d46981d95d664
2025-12-17,2025-12-17 14:18:38,NewsAPI_Biztoc.com,Treasuries Pare Declines After Dovish Comments by Fed’s Waller,Treasuries Pare Declines After Dovish Comments by Fed’s Waller,https://biztoc.com/x/366eaae5d04b672e
2025-12-17,2025-12-17 14:18:39,NewsAPI_Cointelegraph,Solana TVL hits $8.6B six-month lows: Is $80 SOL price next?,"SOL price traded 52% lower than its $255 highs reached on Sept. 18, as onchain data and a bearish pattern suggested that SOL investors risked further losses.",https://cointelegraph.com/news/solana-tvl-hits-8-6b-six-month-lows-80-sol-price
2025-12-17,2025-12-17 14:18:40,NewsAPI_Biztoc.com,General Mills earnings flash a warning sign for the economy,General Mills earnings flash a warning sign for the economy,https://biztoc.com/x/b41baa89ea4d90ef
2025-12-17,2025-12-17 14:18:41,NewsAPI_Biztoc.com,US Game Console Sales Crater in Worst November in Two Decades,US Game Console Sales Crater in Worst November in Two Decades,https://biztoc.com/x/1e8faad37dc0c605
2025-12-17,2025-12-17 14:18:42,NewsAPI_Biztoc.com,Joby aims to double US output as air-taxi push gains momentum,Joby aims to double US output as air-taxi push gains momentum,https://biztoc.com/x/72e5ac68edf31110
2025-12-17,2025-12-17 14:18:44,NewsAPI_Biztoc.com,Milei Stymies Wild Peso Swings as He Resets Argentine FX Policy,Milei Stymies Wild Peso Swings as He Resets Argentine FX Policy,https://biztoc.com/x/9afa5e0d60b49956
2025-12-17,2025-12-17 14:18:46,NewsAPI_Biztoc.com,Fed’s Waller Wants Lower Interest Rates But Says No Rush to Cut,Fed’s Waller Wants Lower Interest Rates But Says No Rush to Cut,https://biztoc.com/x/8141ddc302e65f9d
2025-12-17,2025-12-17 14:18:50,NewsAPI_Biztoc.com,EU Leaders Descend on Brussels for Crunch Meeting,EU Leaders Descend on Brussels for Crunch Meeting,https://biztoc.com/x/bc6498e85eebf66d
2025-12-17,2025-12-17 14:18:51,NewsAPI_Biztoc.com,"Move over 'R-star', puzzling US jobs data shines light on 'U-star'","Move over 'R-star', puzzling US jobs data shines light on 'U-star'",https://biztoc.com/x/9eff131b4e0c31e7
2025-12-17,2025-12-17 14:19:02,NewsAPI_Biztoc.com,Standard Chartered Cuts Bitcoin 2026 Forecast in Half: $300K Dream Becomes $150K Reality,"Quick Read
 
 
 Standard Chartered cut its 2026 Bitcoin target from $300K to $150K due to slower institutional buying through ETFs. 
 
 Bitcoin ETFs hold approximately $124B with institutions comprising roughly 25% of that base. 
 
 The bank’s long-term $500K…",https://biztoc.com/x/aa79cff867eef1ab
2025-12-17,2025-12-17 14:19:03,NewsAPI_Biztoc.com,Morning Minute: A Big Day for Stablecoins,Morning Minute: A Big Day for Stablecoins,https://biztoc.com/x/54c610b61dc887fa
2025-12-17,2025-12-17 14:19:03,NewsAPI_Biztoc.com,Khosla-Led Deal Propels Fintech Imprint to $1.2 Billion Valuation,Khosla-Led Deal Propels Fintech Imprint to $1.2 Billion Valuation,https://biztoc.com/x/25b7e082cebcfae6
2025-12-17,2025-12-17 14:19:04,NewsAPI_Biztoc.com,Trump Set to Interview Fed’s Christopher Waller for Chair,Trump Set to Interview Fed’s Christopher Waller for Chair,https://biztoc.com/x/7f467b756e2f6f65
2025-12-17,2025-12-17 14:19:05,NewsAPI_Biztoc.com,Swedish explosives start-up gets permit for TNT factory,Swedish explosives start-up gets permit for TNT factory,https://biztoc.com/x/509d1f2b24a1d542
2025-12-17,2025-12-17 14:19:06,NewsAPI_Biztoc.com,Roblox gaming platform says it is ready to make changes to get Russian ban lifted,Roblox gaming platform says it is ready to make changes to get Russian ban lifted,https://biztoc.com/x/97536ce11801267d
2025-12-17,2025-12-17 14:19:08,NewsAPI_Biztoc.com,Pacific Northwest Gets Brief Break Before Storms Return Thursday,Pacific Northwest Gets Brief Break Before Storms Return Thursday,https://biztoc.com/x/6aeb87fa6fccad59
2025-12-17,2025-12-17 14:19:11,NewsAPI_Biztoc.com,Canada Population Drops 0.2% in Third Quarter in First Decline Since Pandemic,Canada Population Drops 0.2% in Third Quarter in First Decline Since Pandemic,https://biztoc.com/x/0ca68c59142646b4
2025-12-17,2025-12-17 14:20:28,NewsAPI_The Times of India,Kevin O’Leary dumps almost all crypto — keeps only Bitcoin and Ethereum ahead of CLARITY Act,"Kevin O’Leary has sold all cryptocurrencies except Bitcoin and Ethereum. He says the U.S. CLARITY Act will drive institutional capital into compliant tokens. BTC trades near $87,300, ETH around $2,950, both are much below record highs. Stablecoins gain tracti…",https://economictimes.indiatimes.com/news/international/us/kevin-oleary-dumps-almost-all-crypto-keeps-only-bitcoin-and-ethereum-ahead-of-clarity-act/articleshow/126040076.cms
2025-12-17,2025-12-17 14:25:37,NewsAPI_Decrypt,Bitcoin Traders Brace for Bank of Japan Rate Hike Amid Crypto Sell-Off,"The Bank of Japan's expected rate hike to a 30-year high could unwind the yen carry trade, draining liquidity from risk assets like Bitcoin.",https://decrypt.co/352717/bitcoin-traders-brace-for-bank-of-japan-rate-hike-amid-crypto-sell-off
2025-12-17,2025-12-17 14:25:37,NewsAPI_Yahoo Entertainment,Bitcoin Traders Brace for Bank of Japan Rate Hike Amid Crypto Sell-Off,Bitcoin Traders Brace for Bank of Japan Rate Hike Amid Crypto Sell-Off,https://consent.yahoo.com/v2/collectConsent?sessionId=1_cc-session_952c6a98-6e92-4e21-80d5-eacb0a2578da
2025-12-17,2025-12-17 14:29:46,NewsAPI_Biztoc.com,"Oracle Says Blue Owl Out of Data Center Deal, Talks on Track","Oracle Says Blue Owl Out of Data Center Deal, Talks on Track",https://biztoc.com/x/6b61ec849f9c2cb9
2025-12-17,2025-12-17 14:29:47,NewsAPI_Biztoc.com,"Hut 8 shares surge 25% as bitcoin miner seals AI deal with Anthropic and Fluidstack, signs $7 billion data center lease","The company signed a 15-year lease with Fluidstack at its River Bend campus in Louisiana, with Google providing a financial backstop.",https://biztoc.com/x/ae89cda202979f49
2025-12-17,2025-12-17 14:29:51,NewsAPI_Biztoc.com,"Nucor Stock Is Down. Steel Prices Are Up, but There’s a Problem","Nucor Stock Is Down. Steel Prices Are Up, but There’s a Problem",https://biztoc.com/x/e9faee799715a921
2025-12-17,2025-12-17 14:29:56,NewsAPI_Biztoc.com,"Swiss Firms Could Get Back Millions in US Tariffs, Parmelin Says","Swiss Firms Could Get Back Millions in US Tariffs, Parmelin Says",https://biztoc.com/x/b6913ac18003346f
2025-12-17,2025-12-17 14:29:58,NewsAPI_Biztoc.com,"Hut 8 Surges As Ex-Bitcoin Miner Gets Anthropic Deal, Google Backstop","Shares of the ex-bitcoin miner jumped near a key support level.
The post Hut 8 Surges As Ex-Bitcoin Miner Gets Anthropic Deal, Google Backstop appeared first on Investor's Business Daily.",https://biztoc.com/x/f68eeeedc331eaab
2025-12-17,2025-12-17 14:30:00,NewsAPI_Biztoc.com,What Makes General Dynamics (GD) a Good Investment Amid Global Geopolitical Tensions,What Makes General Dynamics (GD) a Good Investment Amid Global Geopolitical Tensions,https://biztoc.com/x/3b1731e739743a4e
2025-12-17,2025-12-17 14:30:16,NewsAPI_Bitcoinist,"No Crypto Payments: Russia Draws Line On Bitcoin, Ethereum","Russia’s crypto payment rumor mill just got another hard “no.” Anatoly Aksakov, the chairman of the State Duma Committee on Financial Markets, said cryptocurrencies “will never” function as money inside Russia — and that if you’re paying for something domesti…",https://bitcoinist.com/no-crypto-payments-russia/
2025-12-17,2025-12-17 14:40:37,NewsAPI_Biztoc.com,Stocks Are Inching Higher. S&P 500 Tries to Break Losing Streak,Stocks Are Inching Higher. S&P 500 Tries to Break Losing Streak,https://biztoc.com/x/dd2e5efe5c4f7952
2025-12-17,2025-12-17 14:40:45,NewsAPI_Biztoc.com,Do You Believe in the Growth Potential of Adobe (ADBE)?,Do You Believe in the Growth Potential of Adobe (ADBE)?,https://biztoc.com/x/487b8f8f37b53490
2025-12-17,2025-12-17 14:40:46,NewsAPI_Biztoc.com,US confirms tariff elements of trade deal with Switzerland,US confirms tariff elements of trade deal with Switzerland,https://biztoc.com/x/997946f6e7ad43f1
2025-12-17,2025-12-17 14:41:03,NewsAPI_Biztoc.com,Senators Introduce SAFE Crypto Act To 'Protect Americans Against Scams In All Industries',"U.S. senators introduced a bipartisan bill on Monday aimed at tightening federal coordination against cryptocurrency-related scams as lawmakers frame digital asset fraud as a growing national threat.
Bipartisan Bill Seeks Unified Federal Response
U.S. Senator…",https://biztoc.com/x/46d58b56081e75f2
2025-12-17,2025-12-17 14:41:08,NewsAPI_Biztoc.com,"Dow and Nasdaq open higher, S&P 500 looks to break 3-day losing streak","Dow and Nasdaq open higher, S&P 500 looks to break 3-day losing streak",https://biztoc.com/x/183e10a7a8498f59
2025-12-17,2025-12-17 14:41:09,NewsAPI_Biztoc.com,Oracle says final negotiations on an equity deal for its Michigan data center project are “on schedule” and Related Digital will be its development partner,Oracle says final negotiations on an equity deal for its Michigan data center project are “on schedule” and Related Digital will be its development partner,https://biztoc.com/x/4a31ed8d57511bff
2025-12-17,2025-12-17 14:41:20,NewsAPI_Biztoc.com,What Trump’s Embrace of Crypto Has Unleashed,What Trump’s Embrace of Crypto Has Unleashed,https://biztoc.com/x/0e6f56224d04c9c1
2025-12-17,2025-12-17 14:41:23,NewsAPI_Biztoc.com,Bitcoin Traders Brace for Bank of Japan Rate Hike Amid Crypto Sell-Off,"Bitcoin faces a key macroeconomic test this week as the Bank of Japan signals a more definitive pivot away from its long-held ultra-loose monetary policy, a shift that could tighten global liquidity and pressure risk assets.
The price of Bitcoin is down nearl…",https://biztoc.com/x/e2315b1520f4425f
2025-12-17,2025-12-17 14:50:13,NewsAPI_BusinessLine,Weaker rupee rekindles hedge narrative for crypto in India,"A weaker rupee boosts crypto appeal in India, highlighting its potential as a hedge against currency depreciation and inflation.",https://www.thehindubusinessline.com/markets/forex/weaker-rupee-rekindles-hedge-narrative-for-crypto-in-india/article70407886.ece
2025-12-17,2025-12-17 14:52:02,NewsAPI_Biztoc.com,Closes in on Key Acquisition,Closes in on Key Acquisition,https://biztoc.com/x/fe3c7bc03a2b82c5
2025-12-17,2025-12-17 14:52:04,NewsAPI_Biztoc.com,US confirms tariff elements of trade deal with Switzerland,US confirms tariff elements of trade deal with Switzerland,https://biztoc.com/x/13cdbe70f62384bf
2025-12-17,2025-12-17 14:52:04,NewsAPI_Biztoc.com,"To find living donors for kidney transplants, a pilot program turns to social networks","To find living donors for kidney transplants, a pilot program turns to social networks",https://biztoc.com/x/403bc7f37bf26f74
2025-12-17,2025-12-17 14:52:11,NewsAPI_Biztoc.com,"a16z releases a nine-pillar AI policy framework for Congress, including restricting AI use for under-13s without parental consent and keeping a role for states","a16z releases a nine-pillar AI policy framework for Congress, including restricting AI use for under-13s without parental consent and keeping a role for states",https://biztoc.com/x/df4a6306bc3f7813
2025-12-17,2025-12-17 14:52:13,NewsAPI_Biztoc.com,Broadcom Stock Is Up 120% in the Past Year. This Analyst Thinks It Is One of the Highest-Quality Stocks to Buy for the Next Year Too,Broadcom Stock Is Up 120% in the Past Year. This Analyst Thinks It Is One of the Highest-Quality Stocks to Buy for the Next Year Too,https://biztoc.com/x/79786c092c306ef1
2025-12-17,2025-12-17 14:52:14,NewsAPI_Biztoc.com,Colorado Shutoffs Have Potential to Leave Some in Dark for Days,Colorado Shutoffs Have Potential to Leave Some in Dark for Days,https://biztoc.com/x/a476f4e59ddfb47e
2025-12-17,2025-12-17 14:52:19,NewsAPI_Biztoc.com,Warner Bros. Discovery Board of Directors Unanimously Recommends Shareholders Reject Paramount Tender Offer,Warner Bros. Discovery Board of Directors Unanimously Recommends Shareholders Reject Paramount Tender Offer,https://biztoc.com/x/f47f2e847d3c6873
2025-12-17,2025-12-17 14:52:21,NewsAPI_Biztoc.com,European Missile-Maker Touts Low-Cost Solution to Drone Warfare,European Missile-Maker Touts Low-Cost Solution to Drone Warfare,https://biztoc.com/x/06b6f48de7ea1b22
2025-12-17,2025-12-17 14:52:23,NewsAPI_Biztoc.com,Israel blocks a Canadian delegation from visiting the occupied West Bank,Israel blocks a Canadian delegation from visiting the occupied West Bank,https://biztoc.com/x/cdeea796544abeb8
2025-12-17,2025-12-17 14:52:53,NewsAPI_Coinjournal.net,Bitcoin price forecast: BTC above $87k but sentiment remains bearish,Key takeaways  BTC is up 1.5% in the last 24 hours and is now trading above $87k per coin. The performance comes despite the bearish sentiment in the broader crypto market. Bitcoin recaptures $87k The cryptocurrency market is bullish on Wednesday following a …,https://coinjournal.net/news/bitcoin-price-forecast-btc-above-87k-but-sentiment-remains-bearish/
2025-12-17,2025-12-17 14:54:26,NewsAPI_Decrypt,"Gavin Newsom Singles Out CZ, Ross Ulbricht, Arthur Hayes as Trump's 'Criminal Cronies'","The California governor has launched a new website taking aim at Trump’s presidential pardons, including those of crypto figures.",https://decrypt.co/352729/gavin-newsom-singles-out-cz-ross-ulbricht-arthur-hayes-trump-criminal-cronies
2025-12-17,2025-12-17 14:55:34,NewsAPI_Cointelegraph,"Did Bitcoin's 4-year cycle break, and is the bull market really over?","Bitcoin ETFs, corporate treasuries, and macro tailwinds are challenging BTC’s traditional four-year cycle, which could result in new all-time highs in 2026.",https://cointelegraph.com/news/did-bitcoin-4-year-cycle-break-is-bull-market-really-over
2025-12-17,2025-12-17 15:00:00,NewsAPI_CoinDesk,Most Influential: Caroline Pham,"As an acting chairman at the Commodity Futures Trading Commission, Caroline Pham pulled no punches in pursuing crypto-friendly policy aims.",https://www.coindesk.com/policy/2025/12/17/most-influential-caroline-pham
2025-12-17,2025-12-17 15:00:00,NewsAPI_New York Post,"Gen Z is ditching alcohol but engaging in NSFW content online, shocking new report reveals","The report was conducted by Socialprofiler, a new social media background check company.",https://nypost.com/2025/12/17/lifestyle/gen-z-is-drinking-less-and-engaging-in-nsfw-content-report-says/
2025-12-17,2025-12-17 15:00:37,NewsAPI_newsBTC,Why This Week Could Be Transformational For The XRP Price,"The XRP price structure and recent momentum are pointing toward a potentially transformational shift this week. Although the cryptocurrency has experienced an extended period of downside pressure, technical signals suggest that XRP may be nearing the end of i…",http://www.newsbtc.com/analysis/xrp/week-transformational-xrp-price/
2025-12-17,2025-12-17 15:03:14,NewsAPI_Biztoc.com,Warner Bros asks investors to reject takeover bid by Paramount Skydance,Warner Bros asks investors to reject takeover bid by Paramount Skydance,https://biztoc.com/x/f624ed2ef5faf479
2025-12-17,2025-12-17 15:03:15,NewsAPI_Biztoc.com,Last U.S. pennies ever made fetch millions at auction,Last U.S. pennies ever made fetch millions at auction,https://biztoc.com/x/528ba138201df105
2025-12-17,2025-12-17 15:03:18,NewsAPI_Biztoc.com,Most Influential: Jeremy Allaire,Most Influential: Jeremy Allaire,https://biztoc.com/x/0f8e40cac383bed3
2025-12-17,2025-12-17 15:03:23,NewsAPI_Biztoc.com,"Circana: US game console spending fell 27% in November to $695M, the lowest in the pivotal month for holiday shopping since 2005, after a tough year for makers","Circana: US game console spending fell 27% in November to $695M, the lowest in the pivotal month for holiday shopping since 2005, after a tough year for makers",https://biztoc.com/x/31e1f671a283b28a
2025-12-17,2025-12-17 15:03:23,NewsAPI_Crypto Briefing,BlackRock sends $382M in Bitcoin and $220M in Ethereum to Coinbase,"BlackRock's significant crypto transfers to Coinbase could signal strategic shifts in institutional crypto engagement and market dynamics.
The post BlackRock sends $382M in Bitcoin and $220M in Ethereum to Coinbase appeared first on Crypto Briefing.",https://cryptobriefing.com/blackrock-crypto-deposits-coinbase/
2025-12-17,2025-12-17 15:03:27,NewsAPI_Biztoc.com,3 Reasons Why Amazon Stock May Be Poised for Gains in 2026,3 Reasons Why Amazon Stock May Be Poised for Gains in 2026,https://biztoc.com/x/3ba47ee5fbc8e718
2025-12-17,2025-12-17 15:03:31,NewsAPI_Biztoc.com,Brazil to get satellite internet from Chinese rival to Starlink in 2026,Brazil to get satellite internet from Chinese rival to Starlink in 2026,https://biztoc.com/x/167d6613f05685b0
2025-12-17,2025-12-17 15:07:00,NewsAPI_GlobeNewswire,AlphaTON Capital Corp Announces Intention to Launch Decentralized AI-Native Biotech Platform Focused on Rare Cancers,"AlphaTON Capital Corp Announces Intention to Launch Decentralized AI-Native Biotech Platform Focused on Rare Cancers
...",https://www.globenewswire.com/news-release/2025/12/17/3207106/0/en/AlphaTON-Capital-Corp-Announces-Intention-to-Launch-Decentralized-AI-Native-Biotech-Platform-Focused-on-Rare-Cancers.html
2025-12-17,2025-12-17 15:07:12,NewsAPI_Yahoo Entertainment,Pornhub users' viewing history has been hacked – here's what to do next,"Notorious cybercriminal gang ShinyHunters has gained access to the names, location and viewing habits of Pornhub customers.",https://uk.news.yahoo.com/pornhub-hack-cyber-attack-viewing-history-what-to-do-150712694.html
2025-12-17,2025-12-17 15:14:16,NewsAPI_24/7 Wall St.,Standard Chartered Cuts Bitcoin 2026 Forecast in Half: $300K Dream Becomes $150K Reality,"Standard Chartered just cut its Bitcoin 2026 forecast in half—from $300,000 to $150,000. The revised Standard Chartered Bitcoin forecast—after spending 2024 ...",https://247wallst.com/investing/2025/12/17/standard-chartered-cuts-bitcoin-2026-forecast-in-half-300k-dream-becomes-150k-reality/
2025-12-17,2025-12-17 15:14:19,NewsAPI_Biztoc.com,What to Expect From NIKE's Next Quarterly Earnings Report,What to Expect From NIKE's Next Quarterly Earnings Report,https://biztoc.com/x/9abb342e53df7450
2025-12-17,2025-12-17 15:14:27,NewsAPI_Biztoc.com,German budget committee clears 50 billion euros in defence contracts,German budget committee clears 50 billion euros in defence contracts,https://biztoc.com/x/893e3ac4364fa054
2025-12-17,2025-12-17 15:14:29,NewsAPI_Biztoc.com,Accenture to Acquire Majority Stake in DLB to Expand Capital Projects Capabilities for End-to-End Data Center Development,Accenture to Acquire Majority Stake in DLB to Expand Capital Projects Capabilities for End-to-End Data Center Development,https://biztoc.com/x/49e7692a9a6ebd50
2025-12-17,2025-12-17 15:14:30,NewsAPI_Biztoc.com,Netflix appears to be in the driver’s seat on Warner Bros. bid,Netflix appears to be in the driver’s seat on Warner Bros. bid,https://biztoc.com/x/2a6a229149e0a916
2025-12-17,2025-12-17 15:14:31,NewsAPI_Biztoc.com,Poland to Prioritize EU-Wide Defense Fund for National Defense,Poland to Prioritize EU-Wide Defense Fund for National Defense,https://biztoc.com/x/de81fc5e870efadf
2025-12-17,2025-12-17 15:14:32,NewsAPI_Biztoc.com,1 Reason I'm Never Selling Palantir Stock,1 Reason I'm Never Selling Palantir Stock,https://biztoc.com/x/8dab1654739cfe89
2025-12-17,2025-12-17 15:14:33,NewsAPI_Biztoc.com,Gibson Dunn unveils record City partners in promotion round,Gibson Dunn unveils record City partners in promotion round,https://biztoc.com/x/ac198aed285a3b81
2025-12-17,2025-12-17 15:14:37,NewsAPI_Biztoc.com,Egan-Jones Whistleblower Builds Private-Credit Rater of His Own,Egan-Jones Whistleblower Builds Private-Credit Rater of His Own,https://biztoc.com/x/4ab76869c7630be5
2025-12-17,2025-12-17 15:14:38,NewsAPI_Biztoc.com,How the SpaceX IPO Will Impact the Rest of the Industry,How the SpaceX IPO Will Impact the Rest of the Industry,https://biztoc.com/x/4cfb135d5b4dc7aa
2025-12-17,2025-12-17 15:14:38,NewsAPI_Biztoc.com,"At $100 Billion, Waymo Is the Perfect Tesla Hedge","At $100 Billion, Waymo Is the Perfect Tesla Hedge",https://biztoc.com/x/addbeb12cb19642e
2025-12-17,2025-12-17 15:14:44,NewsAPI_Biztoc.com,"Buy IonQ and D-Wave, Hold Rigetti. How Analysts Are Playing Quantum Stocks in 2026","Buy IonQ and D-Wave, Hold Rigetti. How Analysts Are Playing Quantum Stocks in 2026",https://biztoc.com/x/dea21b0e80a6c004
2025-12-17,2025-12-17 15:14:51,NewsAPI_Biztoc.com,Carlyle to Launch Tender Offer to Buy Japanese Firm Hogy Medical,Carlyle to Launch Tender Offer to Buy Japanese Firm Hogy Medical,https://biztoc.com/x/34ea53edebf4804b
2025-12-17,2025-12-17 15:14:53,NewsAPI_Biztoc.com,Germany opens joint drone defence centre in Berlin,Germany opens joint drone defence centre in Berlin,https://biztoc.com/x/d81e4c86aca87731
2025-12-17,2025-12-17 15:14:53,NewsAPI_Biztoc.com,How China built its ‘Manhattan Project’ to rival the West in AI chips,How China built its ‘Manhattan Project’ to rival the West in AI chips,https://biztoc.com/x/a2a71b3f12832b16
2025-12-17,2025-12-17 15:15:01,NewsAPI_Biztoc.com,Netflix to add soccer video game based on FIFA World Cup next year,Netflix to add soccer video game based on FIFA World Cup next year,https://biztoc.com/x/609cb422322d5566
2025-12-17,2025-12-17 15:15:03,NewsAPI_Biztoc.com,Poland to start producing anti-personnel mines to lay along eastern border,Poland to start producing anti-personnel mines to lay along eastern border,https://biztoc.com/x/54431633a159f213
2025-12-17,2025-12-17 15:15:05,NewsAPI_Biztoc.com,"US Postal Service seek bids for last-mile deliveries from retailers, shippers","US Postal Service seek bids for last-mile deliveries from retailers, shippers",https://biztoc.com/x/90a55c9dae07e4c0
2025-12-17,2025-12-17 15:19:02,NewsAPI_CoinDesk,"Bitcoin re-takes $90,000 as price spikes early in U.S. session",Surging metals prices and dovish comments from leading Fed chair contender Chris Waller were among the news items possibly boosting crypto prices.,https://www.coindesk.com/markets/2025/12/17/bitcoin-re-takes-usd90-000-as-price-spikes-early-in-u-s-session
2025-12-17,2025-12-17 15:21:14,NewsAPI_The Verge,AI’s water and electricity use soars in 2025,"AI created as much carbon pollution this year as New York City and guzzled up as much H20 as people consume globally in water bottles, according to new estimates. The study paints what's likely a pretty conservative picture of AI's environmental impact since …",https://www.theverge.com/news/845831/ai-chips-data-center-power-water
2025-12-17,2025-12-17 15:25:29,NewsAPI_Biztoc.com,"OnePlus 15R review: the new $700+ device is fast with a big battery and a vibrant 165Hz OLED, but one less camera than 2024's 13R and only four years of support","OnePlus 15R review: the new $700+ device is fast with a big battery and a vibrant 165Hz OLED, but one less camera than 2024's 13R and only four years of support",https://biztoc.com/x/18ab8165ec5f1684
2025-12-17,2025-12-17 15:25:33,NewsAPI_Biztoc.com,Polish Power Bills to Rise Slightly as Regulator Sets New Tariff,Polish Power Bills to Rise Slightly as Regulator Sets New Tariff,https://biztoc.com/x/29283237fb01119a
2025-12-17,2025-12-17 15:25:39,NewsAPI_Biztoc.com,UK exempts Egypt's Zohr gas field from Russia sanctions,UK exempts Egypt's Zohr gas field from Russia sanctions,https://biztoc.com/x/ffa4e59a646f151d
2025-12-17,2025-12-17 15:25:45,NewsAPI_Biztoc.com,How Is DTE Energy Stock Performance Compared to Other Utilities - Regulated Electric Stocks?,How Is DTE Energy Stock Performance Compared to Other Utilities - Regulated Electric Stocks?,https://biztoc.com/x/e848aee8edeff636
2025-12-17,2025-12-17 15:25:46,NewsAPI_Biztoc.com,This Under-the-Radar Stock Is Crushing the Market in 2025 and Is Joining the Nasdaq-100 Next Week. Should You Buy Shares Now?,This Under-the-Radar Stock Is Crushing the Market in 2025 and Is Joining the Nasdaq-100 Next Week. Should You Buy Shares Now?,https://biztoc.com/x/87d8c49c295fc3db
2025-12-17,2025-12-17 15:25:47,NewsAPI_Biztoc.com,Faith-based entertainment sees a revival in Hollywood. Defining what it is can be a challenge,Faith-based entertainment sees a revival in Hollywood. Defining what it is can be a challenge,https://biztoc.com/x/e9351ada0c3acf46
2025-12-17,2025-12-17 15:25:49,NewsAPI_Biztoc.com,ECB proposes extending Elderson's mandate at bank supervision arm,ECB proposes extending Elderson's mandate at bank supervision arm,https://biztoc.com/x/c9fc59f5499bd892
2025-12-17,2025-12-17 15:25:50,NewsAPI_Biztoc.com,"Video
Watch the evolution of Jennifer Lawrence’s career
1:27","Video
Watch the evolution of Jennifer Lawrence’s career
1:27",https://biztoc.com/x/d66ac41c5d235a6b
2025-12-17,2025-12-17 15:25:51,NewsAPI_Biztoc.com,"Bitcoin re-takes $90,000 as price spikes early in U.S. session","Bitcoin re-takes $90,000 as price spikes early in U.S. session",https://biztoc.com/x/4149a13a264e7700
2025-12-17,2025-12-17 15:25:54,NewsAPI_Biztoc.com,Erdogan Asks Putin to Take Back Missiles in Bid to Win US Favor,Erdogan Asks Putin to Take Back Missiles in Bid to Win US Favor,https://biztoc.com/x/0256a34ccacff3d6
2025-12-17,2025-12-17 15:25:54,NewsAPI_Biztoc.com,"Sources: Google is working on a new initiative to make its AI chips run PyTorch better and is working closely with Meta, as the two discuss Meta using TPUs","Sources: Google is working on a new initiative to make its AI chips run PyTorch better and is working closely with Meta, as the two discuss Meta using TPUs",https://biztoc.com/x/6889aacb60323ec2
2025-12-17,2025-12-17 15:25:56,NewsAPI_Biztoc.com,"Santos announces sale of non-core gas assets to Eni, Comet Ridge","Santos announces sale of non-core gas assets to Eni, Comet Ridge",https://biztoc.com/x/60fb34892859e32f
2025-12-17,2025-12-17 15:26:03,NewsAPI_Biztoc.com,Ukraine’s Zelenskiy to Attend EU Leaders Summit Thursday,Ukraine’s Zelenskiy to Attend EU Leaders Summit Thursday,https://biztoc.com/x/a08cb1e4b98a0328
2025-12-17,2025-12-17 15:26:04,NewsAPI_Biztoc.com,Standard Chartered Cuts Bitcoin 2026 Forecast in Half: $300K Dream Becomes $150K Reality,"Quick Read
-
Standard Chartered cut its 2026 Bitcoin target from $300K to $150K due to slower institutional buying through ETFs.
-
Bitcoin ETFs hold approximately $124B with institutions comprising roughly 25% of that base.
-
The bank’s long-term $500K Bitcoi…",https://biztoc.com/x/905a9db23797c683
2025-12-17,2025-12-17 15:26:05,NewsAPI_Biztoc.com,Oracle Stock Falls After Report on AI Data-Center Funding Talks,Oracle Stock Falls After Report on AI Data-Center Funding Talks,https://biztoc.com/x/68719522c32dd3d2
2025-12-17,2025-12-17 15:26:06,NewsAPI_Biztoc.com,"Automakers, Climate Groups Unite to Criticize EU’s EV Plan","Automakers, Climate Groups Unite to Criticize EU’s EV Plan",https://biztoc.com/x/223c15c4bd3939cf
2025-12-17,2025-12-17 15:26:09,NewsAPI_Biztoc.com,Moderate Republicans Revolt to Force January Obamacare Vote,Moderate Republicans Revolt to Force January Obamacare Vote,https://biztoc.com/x/f9b60f6fb8bd48c0
2025-12-17,2025-12-17 20:26:21,RSS_CoinTelegraph,"Price predictions 12/17: BTC, ETH, BNB, XRP, SOL, DOGE, ADA, BCH, HYPE, LINK","<p style=""float: right; margin: 0 0 10px 15px; width: 240px;""><img alt=""Price predictions 12/17: BTC, ETH, BNB, XRP, SOL, DOGE, ADA, BCH, HYPE, LINK"" src=""https://images.cointelegraph.com/images/528_aHR0cHM6Ly9zMy5jb2ludGVsZWdyYXBoLmNvbS91cGxvYWRzLzIwMjUtMTIvMDE5YjJkNmQtYzc4OC03NDE2LWE5OWYtNDdhNzk2ZGQzNDMwLmpwZw==.jpg"" /></p><p>Bitcoin and altcoin rallies are being capped by heavy selling near the intraday range highs, leading some analysts to revise their end-of-year price estimates. What do technical charts say?</p>",https://cointelegraph.com/news/price-predictions-12-17-btc-eth-bnb-xrp-sol-doge-ada-bch-hype-link?utm_source=rss_feed&utm_medium=rss&utm_campaign=rss_partner_inbound
2025-12-17,2025-12-17 21:30:00,RSS_CoinTelegraph,"Bitcoin $70K flush would reset cycle, not confirm new bear market: Analyst","<p style=""float: right; margin: 0 0 10px 15px; width: 240px;""><img alt=""Bitcoin $70K flush would reset cycle, not confirm new bear market: Analyst"" src=""https://images.cointelegraph.com/images/528_aHR0cHM6Ly9zMy5jb2ludGVsZWdyYXBoLmNvbS91cGxvYWRzLzIwMjUtMTIvMDE5YjJkZmYtYTZhMi03YjZiLThjZjUtODk2NDgxNGJkOTQ3LmpwZw==.jpg"" /></p><p>The likelihood of a Bitcoin correction to $70,000 has increased, but one analyst said the price drop would confirm a macroeconomic reset, rather than the start of a new bear market.</p>",https://cointelegraph.com/news/bitcoin-dollar70k-flush-would-reset-cycle-not-confirm-new-bear-market-analyst?utm_source=rss_feed&utm_medium=rss&utm_campaign=rss_partner_inbound
2025-12-18,2025-12-18 03:05:48,RSS_CoinTelegraph,US Fed pulls guidance blocking its banks from engaging with crypto,"<p style=""float: right; margin: 0 0 10px 15px; width: 240px;""><img alt=""US Fed pulls guidance blocking its banks from engaging with crypto"" src=""https://images.cointelegraph.com/images/528_aHR0cHM6Ly9zMy5jb2ludGVsZWdyYXBoLmNvbS91cGxvYWRzLzIwMjUtMTIvMDE5YjJlYzQtZmIzMC03MmIxLTk0ZGQtNzYwMGEyZWJlMDdmLmpwZw==.jpg"" /></p><p>The Federal Reserve says it has withdrawn its old guidance around crypto as it was outdated, and its understanding has evolved.</p>",https://cointelegraph.com/news/fed-withdraws-crypto-guidance-banks-innovation?utm_source=rss_feed&utm_medium=rss&utm_campaign=rss_partner_inbound
2025-12-18,2025-12-18 03:40:52,RSS_CoinTelegraph,Bitcoin’s volatility below Nvidia in 2025 as investor base grew: Bitwise,"<p style=""float: right; margin: 0 0 10px 15px; width: 240px;""><img alt=""Bitcoin’s volatility below Nvidia in 2025 as investor base grew: Bitwise"" src=""https://images.cointelegraph.com/images/528_aHR0cHM6Ly9zMy5jb2ludGVsZWdyYXBoLmNvbS91cGxvYWRzLzIwMjUtMTIvMDE5YjJmNDItOTQzMi03OWIyLThkZDEtN2ZlZjg0OTA4ZTBmLmpwZw==.jpg"" /></p><p>Bitwise predicted Bitcoin's volatility will stay below Nvidia's in 2026, citing institutional adoption and ETFs as drivers of the asset’s maturation.</p>",https://cointelegraph.com/news/bitcoin-less-volatile-nvidia-in-2025-as-its-investor-base-diversified-bitwise?utm_source=rss_feed&utm_medium=rss&utm_campaign=rss_partner_inbound
2025-12-18,2025-12-18 04:09:48,RSS_CoinTelegraph,Crypto ETPs could see a flood of liquidations by 2027: Analyst,"<p style=""float: right; margin: 0 0 10px 15px; width: 240px;""><img alt=""Crypto ETPs could see a flood of liquidations by 2027: Analyst"" src=""https://images.cointelegraph.com/images/528_aHR0cHM6Ly9zMy5jb2ludGVsZWdyYXBoLmNvbS91cGxvYWRzLzIwMjUtMTIvMDE5YjJmMGMtYjBlMi03MWIwLWE1NzYtMjU3YWM2NDcxZGQ5LmpwZw==.jpg"" /></p><p>Many of the crypto ETP applications awaiting SEC approval will launch in 2026, but a lot of those won’t survive beyond 2027, says Bloomberg analyst James Seyffart.</p>",https://cointelegraph.com/news/many-crypto-etfs-could-get-liquidated-after-launching?utm_source=rss_feed&utm_medium=rss&utm_campaign=rss_partner_inbound
2025-12-18,2025-12-18 05:40:34,RSS_CoinTelegraph,MSCI’s crypto treasury rules could spur $15B of forced selling,"<p style=""float: right; margin: 0 0 10px 15px; width: 240px;""><img alt=""MSCI’s crypto treasury rules could spur $15B of forced selling"" src=""https://images.cointelegraph.com/images/528_aHR0cHM6Ly9zMy5jb2ludGVsZWdyYXBoLmNvbS91cGxvYWRzLzIwMjUtMTIvMDE5YjJmOTktNGFjMy03OGEzLWJlNDctYjdkYzc2OWIyMjFjLmpwZw==.jpg"" /></p><p>Analysts estimated that crypto treasury firms face up to $11.6 billion in outflows if MSCI excluded them from its indexes.</p>",https://cointelegraph.com/news/msci-crypto-treasury-rule-15-billion-forced-selling?utm_source=rss_feed&utm_medium=rss&utm_campaign=rss_partner_inbound
2025-12-18,2025-12-18 08:32:56,RSS_CoinTelegraph,Spot Bitcoin ETFs record $457M inflows in ‘early positioning’ push,"<p style=""float: right; margin: 0 0 10px 15px; width: 240px;""><img alt=""Spot Bitcoin ETFs record $457M inflows in ‘early positioning’ push"" src=""https://images.cointelegraph.com/images/528_aHR0cHM6Ly9zMy5jb2ludGVsZWdyYXBoLmNvbS91cGxvYWRzLzIwMjUtMTIvMDE5YjMwNzUtZjk4OC03OTU4LTgzOWQtOGVhNzczNTA3YjlhLmpwZw==.jpg"" /></p><p>Spot Bitcoin ETFs logged their strongest inflows in over a month amid renewed institutional demand tied to shifting macro expectations.</p>",https://cointelegraph.com/news/spot-bitcoin-etfs-457m-inflows-early-positioning?utm_source=rss_feed&utm_medium=rss&utm_campaign=rss_partner_inbound
2025-12-18,2025-12-18 10:29:13,RSS_CoinTelegraph,"Tokenized stocks may be onchain, but the SEC still wants the keys","<p style=""float: right; margin: 0 0 10px 15px; width: 240px;""><img alt=""Tokenized stocks may be onchain, but the SEC still wants the keys"" src=""https://images.cointelegraph.com/images/528_aHR0cHM6Ly9zMy5jb2ludGVsZWdyYXBoLmNvbS91cGxvYWRzLzIwMjUtMTIvMDE5YjMwOTQtZGFlNy03ODQ3LWE0NWYtNGRjODc5MmQyZGMwLmpwZw==.jpg"" /></p><p>The US Securities and Exchange Commission outlined how tokenized equities can exist inside US market safeguards, favoring broker-led custody over crypto-native self-custody.</p>",https://cointelegraph.com/news/sec-tokenized-securities-custody-trading-framework?utm_source=rss_feed&utm_medium=rss&utm_campaign=rss_partner_inbound
2025-12-18,2025-12-18 10:46:35,RSS_CoinDesk,"ARK Invest buys another $25.4 million of COIN, BLSH, BMNR as crypto stocks slide",,https://www.coindesk.com/markets/2025/12/18/ark-invest-buys-another-usd25-4-million-of-coin-blsh-bmnr-as-crypto-stocks-slide
2025-12-18,2025-12-18 10:55:45,RSS_CoinTelegraph,Coinbase expands in Poland with Blik mobile payments integration,"<p style=""float: right; margin: 0 0 10px 15px; width: 240px;""><img alt=""Coinbase expands in Poland with Blik mobile payments integration"" src=""https://images.cointelegraph.com/images/528_aHR0cHM6Ly9zMy5jb2ludGVsZWdyYXBoLmNvbS91cGxvYWRzLzIwMjUtMTAvMDE5YTE3YTctNjhkMC03YzViLWJjOWUtYmRiZmJiNjNmNzcx.jpg"" /></p><p>Coinbase expands in Poland with PPro to support Blik, making crypto transactions faster and easier amid stalled local regulations.</p>",https://cointelegraph.com/news/coinbase-expands-poland-blik-mobile-payments?utm_source=rss_feed&utm_medium=rss&utm_campaign=rss_partner_inbound
2025-12-18,2025-12-18 10:57:00,RSS_CoinDesk,U.S. bitcoin ETFs see strongest inflows for over a month as BTC dominance hits 60%,,https://www.coindesk.com/markets/2025/12/18/u-s-bitcoin-etfs-see-strongest-inflows-for-over-a-month-as-btc-dominance-hits-60
2025-12-18,2025-12-18 11:46:55,RSS_CoinDesk,Crypto Market Today: Bitcoin-gold ratio drops to lowest since January 2024,,https://www.coindesk.com/markets/2025/12/18/crypto-market-today-bitcoin-gold-ratio-drops-to-lowest-since-january-2024
2025-12-18,2025-12-18 12:05:38,RSS_CoinDesk,"Micron crushes earnings, calming markets and helping boost bitcoin back above $87,000",,https://www.coindesk.com/markets/2025/12/18/micron-crushes-earnings-with-btc-buoyant-above-usd87-000
2025-12-18,2025-12-18 12:13:44,RSS_CoinDesk,Bitcoin ETF rebound needs to be sustained for BTC to benefit: Crypto Daybook Americas,,https://www.coindesk.com/daybook-us/2025/12/18/bitcoin-etf-rebound-needs-to-be-sustained-for-btc-to-benefit-crypto-daybook-americas
2025-12-18,2025-12-18 12:19:16,RSS_CoinTelegraph,Bitcoiners push for quantum-resistant BIP-360 upgrade as debate heats up,"<p style=""float: right; margin: 0 0 10px 15px; width: 240px;""><img alt=""Bitcoiners push for quantum-resistant BIP-360 upgrade as debate heats up"" src=""https://images.cointelegraph.com/images/528_aHR0cHM6Ly9zMy5jb2ludGVsZWdyYXBoLmNvbS91cGxvYWRzLzIwMjUtMTIvMDE5YjMxMTUtZmM3Ni03MTA1LWEwNDgtZGY4ZTMyNTdkY2U3LmpwZw==.jpg"" /></p><p>Bitcoin’s Taproot usage is declining, signaling wider concerns around its quantum future, as the leading cryptographers race to solve the quantum threat in 2026.</p>",https://cointelegraph.com/news/bitcoin-quantum-resistant-bip-360-post-quantum-signatures-taproot?utm_source=rss_feed&utm_medium=rss&utm_campaign=rss_partner_inbound
2025-12-18,2025-12-18 12:40:34,RSS_CoinDesk,"BNB holds onto fourth-largest crypto spot even as price falls, selling pressure builds",,https://www.coindesk.com/markets/2025/12/18/bnb-holds-onto-fourth-largest-crypto-spot-even-as-price-falls-selling-pressure-builds
2025-12-18,2025-12-18 12:53:03,RSS_CoinDesk,Dogecoin and Shiba Inu lag market as memecoins continue to lose ground to bitcoin,,https://www.coindesk.com/markets/2025/12/18/dogecoin-and-shiba-inu-lag-market-as-memecoins-continue-to-lose-ground-to-bitcoin
2025-12-18,2025-12-18 13:00:00,RSS_CoinDesk,"North Korean hackers stole a record $2 billion of crypto in 2025, Chainalysis says",,https://www.coindesk.com/business/2025/12/18/north-korean-hackers-stole-a-record-usd2b-of-crypto-in-2025-chainalysis-says
2025-12-18,2025-12-18 13:00:00,RSS_CoinTelegraph,Crypto losses near $3.4B as hackers went ‘big game hunting’,"<p style=""float: right; margin: 0 0 10px 15px; width: 240px;""><img alt=""Crypto losses near $3.4B as hackers went ‘big game hunting’"" src=""https://images.cointelegraph.com/images/528_aHR0cHM6Ly9zMy5jb2ludGVsZWdyYXBoLmNvbS91cGxvYWRzLzIwMjUtMTIvMDE5YjI5OGUtMmExZS03NDA5LTk2NjQtNzJhOTliMDljZThkLmpwZw==.jpg"" /></p><p>Three major incidents accounted for the majority of crypto losses in 2025, while upgraded security across DeFi protocols managed to keep hackers at bay, according to Chainalysis.</p>",https://cointelegraph.com/news/crypto-3-4-billion-losses-2025-wallet-hacks?utm_source=rss_feed&utm_medium=rss&utm_campaign=rss_partner_inbound
2025-12-18,2025-12-18 13:27:38,RSS_CoinTelegraph,Here’s what happened in crypto today,"<p style=""float: right; margin: 0 0 10px 15px; width: 240px;""><img alt=""Here’s what happened in crypto today"" src=""https://images.cointelegraph.com/images/528_aHR0cHM6Ly9zMy5jb2ludGVsZWdyYXBoLmNvbS91cGxvYWRzLzIwMjUtMDYvMDE5Nzk0MjMtZWY4ZS03YzYwLWI5MzctYjlkZGY3NWZlOGFk.jpg"" /></p><p>Need to know what happened in crypto today? Here is the latest news on daily trends and events impacting Bitcoin price, blockchain, DeFi, NFTs, Web3 and crypto regulation.</p>",https://cointelegraph.com/news/what-happened-in-crypto-today?utm_source=rss_feed&utm_medium=rss&utm_campaign=rss_partner_inbound
2025-12-18,2025-12-18 14:56:09,RSS_CoinDesk,Bitcoin treasury firm KindlyMD puts share buyback program in place,,https://www.coindesk.com/markets/2025/12/18/bitcoin-treasury-firm-kindlymd-puts-share-buyback-program-in-place
2025-12-18,2025-12-18 15:00:00,RSS_CoinTelegraph,Tether CEO says AI bubble is Bitcoin’s biggest risk in 2026,"<p style=""float: right; margin: 0 0 10px 15px; width: 240px;""><img alt=""Tether CEO says AI bubble is Bitcoin’s biggest risk in 2026"" src=""https://images.cointelegraph.com/images/528_aHR0cHM6Ly9zMy5jb2ludGVsZWdyYXBoLmNvbS91cGxvYWRzLzIwMjUtMTIvMDE5YjMxOTUtMTUwZS03MDZjLWI5MTAtMGNlZjdiNTY0OWEwLmpwZw==.jpg"" /></p><p>Tether CEO Paolo Ardoino says an AI-driven bubble could shake Bitcoin, and shares his outlook on Europe, DATs and tokenization in 2026.</p>",https://cointelegraph.com/news/ai-bubble-bitcoin-biggest-risk-2026-tether-ceo?utm_source=rss_feed&utm_medium=rss&utm_campaign=rss_partner_inbound
2025-12-18,2025-12-18 15:01:43,RSS_CoinTelegraph,Bitcoin hunts liquidity as US CPI inflation drops to lowest since 2021,"<p style=""float: right; margin: 0 0 10px 15px; width: 240px;""><img alt=""Bitcoin hunts liquidity as US CPI inflation drops to lowest since 2021"" src=""https://images.cointelegraph.com/images/528_aHR0cHM6Ly9zMy5jb2ludGVsZWdyYXBoLmNvbS91cGxvYWRzLzIwMjUtMTIvMDE5YjMxZjEtZDY1ZC03OWE1LTljOWUtYzkxNzA1ZTgzMDkwLmpwZw==.jpg"" /></p><p>Bitcoin tagged $89,500 as US CPI data revealed sudden multiyear lows in inflation, but liquidations stayed high as the BTC price spiked.</p>",https://cointelegraph.com/news/bitcoin-hunts-liquidity-us-cpi-inflation-lowest-since-2021?utm_source=rss_feed&utm_medium=rss&utm_campaign=rss_partner_inbound
